Name,ActiveDevelopers,CAM,Github,JenkinsTestResults,LSSTPoC,LSSTIO,ProductOwner,RelatedDocuments,SoftwareLanguage,VendorPoC,XML,PrincipalSystem
ATSpectrograph,,,,,,,,,,,,
LinearStage,,,,,,,,,,,,
MTMount,,,,,,,,,,,,
MTArchiver,,,,,,,,,,,,
ATArchiver,,,,,,,,,,,,
ATAOS,,,,,,,,,,,,
ATBuilding,,,,,,,,,,,,
DIMM,,,,,,,,,,,,
ATDome,,,,,,,,,,,,
ATDomeTrajectory,,,,,,,,,,,,
ATEEC,,,,,,,,,,,,
ATMCS,,,,,,,,,,,,
ATPneumatics,,,,,,,,,,,,
ATHeaderService,,,,,,,,,,,,
ATHexapod,,,,,,,,,,,,
ATMonochromator,,,,,,,,,,,,
ATWhiteLight,,,,,,,,,,,,
ATCamera,,,,,,,,,,,,
ATThermoelectricCooler,,,,,,,,,,,,
ATTCS,,,,,,,,,,,,
ATPtg,,,,,,,,,,,,
AOCLC,,,,,,,,,,,,
IOTA,,,,,,,,,,,,
MTGuider,,,,,,,,,,,,
MTCalCS,,,,,,,,,,,,
MTPtg,,,,,,,,,,,,
ATCalCS,,,,,,,,,,,,
EFDTransformationServer,,,,,,,,,,,,
Electrometer,,,,,,,,,,,,
EAS,,,,,,,,,,,,
LOVE,,,,,,,,,,,,
MTLaserTracker,,,,,,,,,,,,
MTCamera,,,,,,,,,,,,
CatchupArchiver,,,,,,,,,,,,
CBP,,,,,,,,,,,,
DomeADB,,,,,,,,,,,,
DomeAPS,,,,,,,,,,,,
DomeLWS,,,,,,,,,,,,
DomeLouvers,,,,,,,,,,,,
DomeMONCS,,,,,,,,,,,,
DomeTHCS,,,,,,,,,,,,
Dome,,,,,,,,,,,,
EFD,,,,,,,,,,,,
Environment,,,,,,,,,,,,
MTHeaderService,,,,,,,,,,,,
Hexapod,,,,,,,,,,,,
HVAC,,,,,,,,,,,,
TunableLaser,,,,,,,,,,,,
MTM1M3,,,,,,,,,,,,
MTAOS,,,,,,,,,,,,
MTM2,,,,,,,,,,,,
MTVMS,,,,,,,,,,,,
PointingComponent,,,,,,,,,,,,
OCS,,,,,,,,,,,,
PromptProcessing,,,,,,,,,,,,
Rotator,,,,,,,,,,,,
Scheduler,,,,,,,,,,,,
Script,,,,,,,,,,,,
ScriptQueue,,,,,,,,,,,,
FiberSpectrograph,,,,,,,,,,,,
Sequencer,,,,,,,,,,,,
SummitFacility,,,,,,,,,,,,
MTOFC,,,,,,,,,,,,
MTWEP,,,,,,,,,,,,
MTTCS,,,,,,,,,,,,
MTDomeTrajectory,,,,,,,,,,,,
MTEEC,,,,,,,,,,,,
GenericCamera,,,,,,,,,,,,
Test,,,,,,,,,,,,
